School_code,Attendance,Enrollment,New_student,Withdrawals,African_American,White,Asian,Latino,Other,Pacific_Islander,Low_income_family,SCHOOL_NAME_1,SCHOOL_NAME_2,ADDRESS,SCHOOL_ZIP,ZIP_PLUS_4,CITY,STATE_CD,PHONE_NUMBER,SCH_START_GRADE,SCH_TERM_GRADE,HPADDR,SCHOOL_LEVEL_NAME,Drugs,Morals,Assaults,Weapons,Thefts,Total_suspensions,One_suspension,Two_suspensions,Three_suspensions,Three_plus_suspensions,Teacher_attendance,Special_education,Gifted_education,English_second_language,Average_salary
1010,84,1155,177,232,92,2,4,1,1,0,86,JOHN BARTRAM HIGH SCHOOL,"BARTRAM, JOHN HIGH",2401 S. 67TH ST.,19142,NA,PHILADELPHIA,PA,2154926450,9,12,,HIGH SCHOOL,10,1,31,10,3,176,137,28,5,6,94,21,1,9,72346
1020,81,854,146,181,98,1,1,1,1,0,88,WEST PHILADELPHIA HIGH SCHOOL,WEST PHILADELPHIA HIGH SCHOOL,4901 CHESTNUT ST.,19139,NA,PHILADELPHIA,PA,2154712902,9,12,www.philasd.org/schools/westphila,HIGH SCHOOL,6,0,25,5,3,250,150,58,24,17,93,20,1,2,63537
1030,90,419,9,38,90,4,1,4,1,0,86,HIGH SCHOOL OF THE FUTURE,HIGH SCHOOL OF THE FUTURE,4021 PARKSIDE AVE.,19104,NA,PHILADELPHIA,PA,2158235502,9,12,www.philasd.org/schools/hsof,HIGH SCHOOL,1,1,14,1,6,81,60,15,4,2,95,14,3,2,63623
1050,91,286,6,13,96,0,0,2,1,0,80,PAUL ROBESON HIGH SCHOOL,"ROBESON, PAUL HIGH SCHOOL",4125 LUDLOW ST.,19104,NA,PHILADELPHIA,PA,2158238207,9,12,www.philasd.org/schools/robeson,HIGH SCHOOL,0,0,4,0,1,38,28,8,2,1,93,12,2,1,70837
1100,81,611,99,110,98,1,0,1,0,0,88,SAYRE HIGH SCHOOL,"SAYRE, WILLIAM L. HIGH SCHOOL",5800 WALNUT ST.,19139,NA,PHILADELPHIA,PA,2154712904,9,12,www.philasd.org/schools/sayre,HIGH SCHOOL,4,0,30,6,2,200,123,45,20,12,92,20,1,0,68200
1130,92,396,42,48,93,2,3,2,0,0,90,TILDEN MIDDLE SCHOOL,TILDEN MIDDLE SCHOOL,6601 ELMWOOD AVE.,19142,NA,PHILADELPHIA,PA,2154926454,6,8,,MIDDLE SCHOOL,1,1,10,2,1,73,44,14,5,10,93,21,1,5,66970
1190,96,221,5,9,88,1,8,2,1,0,72,MOTIVATION HIGH SCHOOL,MOTIVATION HIGH SCHOOL,2555 S. 78TH ST.,19153,NA,PHILADELPHIA,PA,2154926451,9,12,www.philasd.org/schools/motivation,HIGH SCHOOL,0,0,2,0,0,10,9,1,0,0,96,7,3,4,65580
1200,92,764,145,93,96,1,0,1,2,0,93,JOHN BARRY ELEMENTARY SCHOOL,"BARRY, JOHN ELEMENTARY SCHOOL",5900 RACE ST.,19139,NA,PHILADELPHIA,PA,2154712744,0,8,,ELEMENTARY SCHOOL,1,2,33,3,1,155,106,28,15,7,93,8,0,0,64676
1230,91,508,79,75,95,1,0,1,2,0,91,BRYANT ACADEMICS PLUS SCHOOL,"BRYANT, WILLIAM C. SCHOOL",6001 CEDAR AVE.,19143,NA,PHILADELPHIA,PA,2154712910,0,8,www.philasd.org/schools/bryant,ELEMENTARY SCHOOL,0,1,22,2,0,67,47,12,5,4,91,11,0,1,59727
1250,94,595,82,59,80,2,13,2,3,0,90,J. W. CATHARINE SCHOOL,"CATHARINE, JOSEPH SCHOOL",6600 CHESTER AVE.,19142,NA,PHILADELPHIA,PA,2157272155,0,5,,ELEMENTARY SCHOOL,0,1,5,2,0,25,20,2,2,2,95,11,0,12,70837
1260,93,497,92,62,95,1,0,1,3,0,94,B. B. COMEGYS SCHOOL,"COMEGYS, BENJAMIN B. SCHOOL",5100 GREENWAY AVE.,19143,NA,PHILADELPHIA,PA,2157272162,0,6,,ELEMENTARY SCHOOL,0,1,8,2,0,57,40,10,4,3,92,11,0,0,67693
1280,97,553,30,22,36,34,15,7,9,0,48,PENN ALEXANDER SCHOOL,PENN ALEXANDER SCHOOL,4209 SPRUCE ST.,19104,NA,PHILADELPHIA,PA,2158235465,0,8,www.philasd.org/schools/pennalexander,ELEMENTARY SCHOOL,0,0,1,0,0,5,4,0,0,0,97,6,2,7,75518
1290,94,625,66,49,96,1,1,1,2,0,90,ANDREW HAMILTON SCHOOL,"HAMILTON, ANDREW SCHOOL",5640 SPRUCE ST.,19139,NA,PHILADELPHIA,PA,2154712911,0,8,www.philasd.org/schools/hamilton,ELEMENTARY SCHOOL,0,1,12,2,0,71,50,15,4,2,95,13,2,0,67028
1300,94,471,72,41,95,1,0,2,3,0,93,A. D. HARRINGTON SCHOOL,"HARRINGTON, AVERY D. SCHOOL",5300 BALTIMORE AVE.,19143,NA,PHILADELPHIA,PA,2154712914,0,6,www.philasd.org/schools/harrington,ELEMENTARY SCHOOL,0,0,11,2,0,32,18,6,4,4,96,10,0,0,68102
1330,91,752,109,81,96,0,0,1,2,0,91,SAMUEL B HUEY SCHOOL,"HUEY, SAMUEL B. SCHOOL",5200 PINE ST.,19143,NA,PHILADELPHIA,PA,2154712901,0,8,,ELEMENTARY SCHOOL,0,0,12,3,0,148,94,30,10,14,94,10,0,1,61148
1340,94,404,51,34,86,1,7,1,4,0,90,HENRY C. LEA SCHOOL,"LEA, HENRY C.",4700 LOCUST ST.,19139,NA,PHILADELPHIA,PA,2154712915,0,8,www.philasd.org/schools/lea,ELEMENTARY SCHOOL,1,0,7,2,0,51,35,9,4,2,95,12,0,14,60662
1350,92,519,75,64,98,0,0,0,1,0,91,W C LONGSTRETH SCHOOL,"LONGSTRETH, WILLIAM C. SCHOOL",5700 WILLOWS AVE.,19143,NA,PHILADELPHIA,PA,2157272158,0,8,www.philasd.org/schools/longstreth,ELEMENTARY SCHOOL,1,0,6,4,1,50,28,13,4,4,93,11,0,1,73193
1360,90,332,54,46,95,1,0,2,2,0,94,MORTON MCMICHAEL SCHOOL,"MC MICHAEL, MORTON SCHOOL",3543 FAIRMOUNT AVE.,19104,NA,PHILADELPHIA,PA,2158238205,0,8,www.philasd.org/schools/mcmichael,ELEMENTARY SCHOOL,0,2,15,3,0,85,48,18,9,10,95,14,0,0,70148
1370,93,536,92,62,96,1,0,1,2,0,93,S. WEIR MITCHELL,MITCHELL ELEMENTARY SCHOOL,5500 KINGSESSING AVE.,19143,NA,PHILADELPHIA,PA,2157272160,0,5,,ELEMENTARY SCHOOL,0,0,8,2,0,33,26,6,2,0,96,9,0,1,66639
1380,93,789,112,95,88,1,5,2,3,0,90,THOMAS G MORTON SCHOOL,"MORTON, THOMAS G. SCHOOL",2501 S. 63RD ST.,19142,NA,PHILADELPHIA,PA,2157272164,0,5,www.philasd.org/schools/morton,ELEMENTARY SCHOOL,1,0,12,2,0,91,64,17,6,4,94,12,0,11,65682
1390,95,239,20,14,76,14,4,1,6,0,65,SAMUEL POWEL SCHOOL,"POWEL, SAMUEL SCHOOL",301 N. 36TH ST.,19104,NA,PHILADELPHIA,PA,2158238201,0,4,www.philasd.org/schools/powel,ELEMENTARY SCHOOL,0,0,2,0,0,6,4,2,0,0,94,5,6,2,77700
1400,94,683,110,73,87,2,6,1,4,0,87,JOHN M PATTERSON SCHOOL,"PATTERSON, JOHN M. SCHOOL",7000 BUIST AVE.,19142,NA,PHILADELPHIA,PA,2154926453,0,4,www.philasd.org/schools/patterson,ELEMENTARY SCHOOL,0,0,3,1,0,25,18,5,2,0,93,6,0,16,73526
1410,91,587,90,76,96,1,0,1,3,0,92,JAMES RHOADS SCHOOL,"RHOADS, JAMES SCHOOL",4901 PARRISH ST.,19139,NA,PHILADELPHIA,PA,2155815504,0,8,www.philasd.org/schools/rhoads,ELEMENTARY SCHOOL,0,0,16,2,1,124,67,23,14,20,94,12,0,0,62406
1420,94,372,38,25,96,0,0,1,3,0,90,M. WASHINGTON ACADEMICS PLUS,"WASHINGTON, MARTHA SCHOOL",766 N. 44TH ST.,19104,NA,PHILADELPHIA,PA,2158238203,0,8,www.philasd.org/schools/marthawashington,ELEMENTARY SCHOOL,0,1,6,1,0,46,30,10,4,2,96,18,0,1,66389
1440,94,637,67,61,88,3,3,2,5,0,80,PENROSE SCHOOL,PENROSE SCHOOL,2515 S. 78TH ST.,19153,NA,PHILADELPHIA,PA,2154926455,0,8,www.philasd.org/schools/penrose,ELEMENTARY SCHOOL,0,1,18,1,0,98,53,22,10,13,93,15,0,3,71288
1460,92,524,87,63,97,0,0,1,1,0,88,ADD B ANDERSON SCHOOL,"ANDERSON, ADD B. SCHOOL",1034 S. 60TH ST.,19143,NA,PHILADELPHIA,PA,2154712903,0,8,www.philasd.org/schools/anderson,ELEMENTARY SCHOOL,0,1,17,2,1,52,35,12,3,2,95,10,1,0,72712
1470,92,449,94,66,92,1,1,2,3,0,95,ALAIN LOCKE SCHOOL,"LOCKE, ALAIN SCHOOL",4550 HAVERFORD AVE.,19139,NA,PHILADELPHIA,PA,2158238202,0,8,www.philasd.org/schools/locke,ELEMENTARY SCHOOL,0,1,19,2,0,54,39,8,5,2,94,10,0,2,61612
1490,93,398,74,40,98,0,0,1,1,0,92,BLANKENBURG SCHOOL,"BLANKENBURG, RUDOLPH SCHOOL",4600 W. GIRARD AVE.,19131,NA,PHILADELPHIA,PA,2155815505,0,8,www.philasd.org/schools/blankenburg,ELEMENTARY SCHOOL,0,1,11,1,0,71,39,15,10,7,93,16,0,0,66566
1580,96,277,4,9,87,3,6,2,2,0,74,MIDDLE YEARS ALTERNATIVE-MYA,MYA-MIDDLE YEARS ALTERNATIVE,4725 FAIRMOUNT AVE.,19139,NA,PHILADELPHIA,PA,2155815633,5,8,www.philasd.org/schools/mya,MIDDLE SCHOOL,0,0,3,0,0,49,27,13,4,5,92,7,5,2,74838
2000,80,875,167,254,63,6,24,6,1,0,86,SOUTH PHILADELPHIA H.S.,SOUTH PHILADELPHIA H.S.,2101 S. BROAD ST.,19148,NA,PHILADELPHIA,PA,2159526220,9,12,www.philasd.org/schools/southphila,HIGH SCHOOL,9,2,51,10,2,314,177,71,22,43,95,23,1,21,78322
2010,85,630,82,117,85,1,4,9,1,0,89,BENJAMIN FRANKLIN HIGH SCHOOL,"FRANKLIN, BENJAMIN HIGH SCHOOL",550 N. BROAD ST.,19130,NA,PHILADELPHIA,PA,2152994662,9,12,www.philasd.org/schools/benfranklin,HIGH SCHOOL,2,0,14,2,2,156,98,34,12,11,94,22,2,8,69573
2020,95,684,2,12,51,32,5,10,2,0,52,CREATIVE AND PERFORMING ARTS,CREATIVE AND PERFORMING ARTS,901 S. BROAD ST.,19147,NA,PHILADELPHIA,PA,2159522462,9,12,www.philasd.org/schools/capa,HIGH SCHOOL,0,0,2,0,1,15,13,2,0,0,95,5,19,1,71403
2140,97,1190,2,6,28,43,20,6,3,0,45,MASTERMAN HIGH SCHOOL,"MASTERMAN, JULIA R. HIGH SCHL.",1699 SPRING GARDEN ST.,19130,NA,PHILADELPHIA,PA,2152994661,5,12,www.philasd.org/schools/masterman,HIGH SCHOOL,1,0,0,1,1,12,10,1,0,0,96,2,63,0,46694
2160,86,625,88,102,40,11,38,10,1,0,80,FURNESS HIGH SCHOOL,"FURNESS, HORACE HIGH SCHOOL",1900 S. 3RD ST.,19148,NA,PHILADELPHIA,PA,2159526226,9,12,www.philasd.org/schools/furness,HIGH SCHOOL,2,1,12,4,2,83,58,15,4,5,94,20,1,28,70123
2190,95,513,48,32,14,33,31,16,5,0,84,D. NEWLIN FELL SCHOOL,"FELL, D. NEWLIN SCHOOL",900 W. OREGON AVE.,19148,NA,PHILADELPHIA,PA,2159526237,0,8,www.philasd.org/schools/dnfell,ELEMENTARY SCHOOL,0,0,0,0,1,28,18,8,2,2,94,10,1,20,71526
2210,94,389,35,26,79,9,1,7,5,0,82,BACHE-MARTIN SCHOOL,BACHE-MARTIN SCHOOL,2201 BROWN ST.,19130,NA,PHILADELPHIA,PA,2156845074,0,8,www.philasd.org/schools/bachemartin,ELEMENTARY SCHOOL,0,1,5,0,0,28,22,4,2,0,94,23,6,2,71558
2240,93,391,39,34,69,19,4,3,6,0,91,AMEDEE F BREGY SCHOOL,"BREGY, F. AMEDEE SCHOOL",1700 BIGLER ST.,19145,NA,PHILADELPHIA,PA,2159526218,0,8,www.philasd.org/schools/bregy,ELEMENTARY SCHOOL,0,2,9,1,0,51,31,13,4,2,93,18,1,2,69102
2260,94,582,55,39,62,0,25,10,3,0,90,GEORGE W CHILDS SCHOOL,"CHILDS, GEORGE W. SCHOOL",1599 WHARTON ST.,19146,NA,PHILADELPHIA,PA,2159526213,0,8,www.philasd.org/schools/childs,ELEMENTARY SCHOOL,0,0,6,1,0,74,46,13,7,8,96,13,2,18,69138
2290,91,704,3,24,44,26,11,18,1,0,75,FRANKLIN LEARNING CENTER,FRANKLIN LEARNING CENTER,616 N. 15TH ST.,19130,NA,PHILADELPHIA,PA,2156845916,9,12,www.flc.phila.k12.pa.us,HIGH SCHOOL,1,0,2,1,0,35,30,3,1,0,95,5,9,3,70988
2320,94,593,73,50,59,6,24,7,4,0,89,STEPHEN GIRARD SCHOOL,"GIRARD, STEPHEN SCHOOL",1800 SNYDER AVE.,19145,NA,PHILADELPHIA,PA,2159528554,0,4,www.philasd.org/schools/girard,ELEMENTARY SCHOOL,0,0,6,2,1,80,40,20,8,11,94,10,0,22,71885
2340,97,557,64,36,20,15,58,2,5,0,58,MC CALL SCHOOL,"MC CALL, GEN. GEORGE A. SCHOOL",325 S. 7TH ST.,19106,NA,PHILADELPHIA,PA,2153517350,0,8,www.philasd.org/schools/mccall,ELEMENTARY SCHOOL,0,0,0,0,0,14,10,2,0,0,96,9,9,26,74461
2370,92,773,103,72,94,1,1,2,2,0,92,DELAPLAINE MCDANIEL SCHOOL,"MCDANIEL, DELAPLAINE SCHOOL",1801 S. 22ND ST.,19145,NA,PHILADELPHIA,PA,2159526380,0,8,www.philasd.org/schools/mcdaniel,ELEMENTARY SCHOOL,1,2,23,3,1,109,72,22,8,6,93,14,0,1,64570
2380,96,489,21,11,25,59,6,5,4,0,50,MEREDITH SCHOOL,"MEREDITH, WILLIAM M. SCHOOL",725 S. 5TH ST.,19147,NA,PHILADELPHIA,PA,2153517360,0,8,www.meredith.phila.k12.pa.us,ELEMENTARY SCHOOL,0,0,0,0,0,14,10,3,1,0,96,8,19,0,69947
2390,93,351,64,55,97,0,0,2,1,0,92,ROBERT MORRIS SCHOOL,"MORRIS, ROBERT SCHOOL",2600 W. THOMPSON ST.,19121,NA,PHILADELPHIA,PA,2156845087,0,8,www.philasd.org/schools/morris,ELEMENTARY SCHOOL,0,2,20,2,0,78,42,18,7,12,95,19,1,0,70835
2410,97,499,3,6,28,51,14,4,2,0,49,GIRARD ACADEMIC MUSIC PROGRAM,GIRARD ACADEMIC MUSIC PROGRAM,2136 W. RITNER ST.,19145,NA,PHILADELPHIA,PA,2159528589,5,12,www.philasd.org/schools/gamp,HIGH SCHOOL,0,0,0,0,0,1,1,0,0,0,96,5,18,0,69541
2450,94,230,21,13,90,2,1,5,3,0,89,EDWIN M. STANTON SCHOOL,"STANTON, EDWIN M. SCHOOL",1700 CHRISTIAN ST.,19146,NA,PHILADELPHIA,PA,2158753185,0,8,,ELEMENTARY SCHOOL,0,1,4,0,0,28,20,5,2,2,94,14,4,1,64464
2470,96,516,29,14,50,33,6,4,6,0,55,ALBERT M. GREENFIELD SCHOOL,"GREENFIELD, ALBERT M. SCHOOL",2200 CHESTNUT ST.,19103,NA,PHILADELPHIA,PA,2152993566,0,8,www.centercityschools.com/Greenfield/,ELEMENTARY SCHOOL,0,0,2,1,0,17,12,3,1,1,93,16,10,1,70799
2480,94,206,29,18,88,1,1,4,5,0,88,CHESTER A. ARTHUR SCHOOL,"ARTHUR, CHESTER A. SCHOOL",2000 CATHARINE ST.,19146,NA,PHILADELPHIA,PA,2158755774,0,8,,ELEMENTARY SCHOOL,0,0,7,0,0,27,16,6,4,2,91,24,1,2,65534
2490,94,256,34,24,76,2,0,17,5,0,92,LAURA W. WARING SCHOOL,"WARING, LAURA W. SCHOOL",1801 GREEN ST.,19130,NA,PHILADELPHIA,PA,2156845073,0,8,,ELEMENTARY SCHOOL,1,0,3,0,0,4,3,2,0,0,96,11,0,4,64193
2510,95,356,33,25,35,12,17,31,5,0,81,ANDREW JACKSON SCHOOL,"JACKSON, ANDREW SCHOOL",1213 S. 12TH ST.,19147,NA,PHILADELPHIA,PA,2159526223,0,8,,ELEMENTARY SCHOOL,0,0,4,0,0,31,17,8,3,3,95,13,1,16,68642
2520,95,352,26,9,11,64,14,5,6,0,68,A.S. JENKS ACADEMICS PLUS SCH,"JENKS, ABRAM SCHOOL",2501 S. 13TH ST.,19148,NA,PHILADELPHIA,PA,2159526224,0,4,www.philasd.org/schools/asjenks,ELEMENTARY SCHOOL,0,0,1,2,0,8,7,1,0,1,97,13,1,3,77232
2540,95,459,45,29,19,10,47,19,6,0,88,FRANCIS SCOTT KEY SCHOOL,"KEY, FRANCIS SCOTT SCHOOL",2230 S. 8TH ST.,19148,NA,PHILADELPHIA,PA,2159526216,0,6,www.philasd.org/schools/key,ELEMENTARY SCHOOL,0,0,1,0,0,20,14,4,2,1,95,10,1,35,70984
2580,95,452,41,20,14,6,46,29,5,0,78,ELIZA B. KIRKBRIDE SCHOOL,"KIRKBRIDE, ELIZA B. SCHOOL",1501 S. 7TH ST.,19147,NA,PHILADELPHIA,PA,2159526214,0,8,www.philasd.org/schools/kirkbride,ELEMENTARY SCHOOL,0,0,1,0,0,8,6,2,0,0,97,8,1,40,71289
2590,94,250,19,13,61,8,8,19,4,0,86,GEORGE W. NEBINGER SCHOOL,"NEBINGER, GEORGE W. SCHOOL",601 CARPENTER ST.,19147,NA,PHILADELPHIA,PA,2159526202,0,8,,ELEMENTARY SCHOOL,0,0,7,0,1,26,17,5,2,3,95,21,1,10,65948
2620,96,554,9,10,52,19,19,9,2,0,70,ACADEMY AT PALUMBO,ACADEMY AT PALUMBO,1100 CATHARINE ST.,19147,NA,PHILADELPHIA,PA,2153517618,9,12,www.philasd.org/schools/palumbo,HIGH SCHOOL,0,0,2,1,1,4,4,0,0,0,96,3,14,2,70438
2630,94,519,46,22,15,60,11,9,5,0,82,GEORGE SHARSWOOD SCHOOL,"SHARSWOOD, GEORGE SCHOOL",2300 S. 2ND ST.,19148,NA,PHILADELPHIA,PA,2159526212,0,8,www.philasd.org/schools/sharswood,ELEMENTARY SCHOOL,0,0,3,0,0,25,19,4,1,1,95,18,1,5,75539
2640,96,498,62,32,18,10,46,23,4,0,81,SOUTHWARK SCHOOL,SOUTHWARK SCHOOL,1835 S. 9TH ST.,19148,NA,PHILADELPHIA,PA,2159528606,0,8,www.philasd.org/schools/southwark/,ELEMENTARY SCHOOL,0,0,6,0,0,41,26,10,3,2,96,13,0,33,70098
2650,95,462,3,5,48,34,8,8,2,0,50,SCIENCE LEADERSHIP ACADEMY,SCIENCE LEADERSHIP ACADEMY,55 N. 22ND ST.,19103,NA,PHILADELPHIA,PA,2159795620,9,12,www.sla.fi.edu,HIGH SCHOOL,1,1,0,0,1,4,4,0,0,0,96,6,18,2,68458
2670,92,363,3,10,66,17,5,10,2,0,73,CONSTITUTION HIGH SCHOOL,CONSTITUTION HIGH SCHOOL,18 S. 7TH ST.,19106,NA,PHILADELPHIA,PA,2153517310,9,12,www.philasd.org/schools/constitution,HIGH SCHOOL,2,1,4,0,0,48,36,8,3,1,97,9,9,4,71237
2690,94,450,55,39,22,15,46,12,6,0,86,JOHN H TAGGART SCHOOL,"TAGGART, JOHN H. SCHOOL",400 W. PORTER ST.,19148,NA,PHILADELPHIA,PA,2159526228,0,8,www.philasd.org/schools/taggart,ELEMENTARY SCHOOL,0,0,3,1,0,20,14,5,1,0,94,13,0,26,68031
2720,95,336,30,25,37,15,21,20,7,0,89,ABIGAIL VARE SCHOOL,"VARE, ABIGAIL SCHOOL",1621 E. MOYAMENSING AVE.,19148,NA,PHILADELPHIA,PA,2159528620,0,8,www.philasd.org/schools/avare,ELEMENTARY SCHOOL,0,0,5,0,0,38,24,5,6,4,96,14,1,16,73973
4020,80,1405,205,284,97,1,0,1,0,0,84,OVERBROOK HIGH SCHOOL,OVERBROOK HIGH SCHOOL,5898 LANCASTER AVE.,19131,NA,PHILADELPHIA,PA,2155815507,9,12,www.philasd.org/schools/overbrookhs,HIGH SCHOOL,8,2,37,6,2,378,254,80,26,18,94,19,1,1,71392
4030,96,683,4,14,81,3,9,6,2,0,61,ENGINEERING & SCIENCE HIGH,ENGINEERING & SCIENCE HIGH,1600 W. NORRIS ST.,19121,NA,PHILADELPHIA,PA,2156845079,9,12,www.carver.phila.k12.pa.us,HIGH SCHOOL,0,0,6,1,0,36,31,5,0,0,97,4,18,3,72309
4060,86,806,9,72,94,0,0,5,0,0,89,MURRELL DOBBINS HIGH SCHOOL,"DOBBINS, MURRELL HIGH SCHOOL",2150 W. LEHIGH AVE.,19132,NA,PHILADELPHIA,PA,2152274421,9,12,www.philasd.org/schools/dobbins,CAREER AND TECHNICAL HIGH SCHL,1,0,10,2,1,95,70,16,5,4,93,15,2,2,71892
4100,91,424,51,51,98,1,0,1,0,0,84,DIMNER BEEBER MIDDLE SCHOOL,"BEEBER, DIMNER MIDDLE SCHOOL",5925 MALVERN AVE.,19131,NA,PHILADELPHIA,PA,2155815513,6,8,www.philasd.org/schools/beeber,MIDDLE SCHOOL,2,2,23,3,0,163,80,40,16,28,93,18,0,1,74742
4140,80,447,61,93,99,0,0,1,0,0,90,STRAWBERRY MANSION HIGH,STRAWBERRY MANSION HIGH SCHOOL,3133 RIDGE AVE.,19132,NA,PHILADELPHIA,PA,2156845089,9,12,,HIGH SCHOOL,3,2,32,9,4,82,52,15,8,8,94,28,1,0,58241
4220,93,292,50,37,97,0,0,2,2,0,93,BLAINE ACADEMICS PLUS SCHOOL,"BLAINE, JAMES G. SCHOOL",3001 W. BERKS ST.,19121,NA,PHILADELPHIA,PA,2156845085,0,8,www.philasd.org/schools/blaine,ELEMENTARY SCHOOL,0,0,6,0,0,46,29,10,5,3,92,19,1,0,62854
4240,93,635,86,60,92,2,1,2,3,0,82,LEWIS C CASSIDY ACADEMICS PLUS,"CASSIDY,LEWIS C ACADEMICS PLUS",6523 LANSDOWNE AVE.,19151,NA,PHILADELPHIA,PA,2155815506,0,6,www.philasd.org/schools/cassidy,ELEMENTARY SCHOOL,0,0,4,2,0,84,54,14,7,9,94,7,0,3,71023
4270,94,292,48,28,97,0,0,1,2,0,95,WILLIAM DICK SCHOOL,"DICK, WILLIAM SCHOOL",2498 W. DIAMOND ST.,19121,NA,PHILADELPHIA,PA,2156845081,0,8,,ELEMENTARY SCHOOL,0,0,2,2,0,38,25,6,5,2,97,21,0,0,65890
4280,94,356,47,25,93,2,0,1,4,0,79,SAMUEL GOMPERS SCHOOL,"GOMPERS, SAMUEL SCHOOL",5701 WYNNEFIELD AVE.,19131,NA,PHILADELPHIA,PA,2155815503,0,6,www.philasd.org/schools/gompers,ELEMENTARY SCHOOL,0,1,11,1,1,45,28,10,4,3,96,13,0,1,68767
4300,92,448,69,54,97,1,0,1,2,0,91,HESTON ACADEMICS PLUS SCHOOL,"HESTON, EDWARD SCHOOL",1621 N. 54TH ST.,19131,NA,PHILADELPHIA,PA,2155815514,0,8,,ELEMENTARY SCHOOL,0,1,12,2,0,116,68,20,13,15,93,12,0,0,66644
4320,96,574,61,48,93,1,1,3,2,0,68,ROBERT E LAMBERTON ELEMENTARY,"LAMBERTON,ROBERT E ELEMENTARY",7501 WOODBINE AVE.,19151,NA,PHILADELPHIA,PA,2155815650,0,8,www.philasd.org/schools/lamberton,ELEMENTARY SCHOOL,0,1,16,1,2,76,48,18,6,3,95,10,0,3,69430
4370,95,268,35,18,96,1,0,0,3,0,86,OVERBROOK ELEMENTARY SCHOOL,OVERBROOK ELEMENTARY SCHOOL,2032 N. 62ND ST.,19151,NA,PHILADELPHIA,PA,2155815691,0,5,www.philasd.org/schools/overbrook,ELEMENTARY SCHOOL,0,0,0,0,0,15,12,2,0,0,95,7,0,0,67966
4380,94,393,67,37,97,1,0,1,1,0,92,THOMAS M. PEIRCE SCHOOL,"PEIRCE, THOMAS M. SCHOOL",2300 W. CAMBRIA ST.,19132,NA,PHILADELPHIA,PA,2152274411,0,6,,ELEMENTARY SCHOOL,0,0,2,1,0,46,27,10,5,4,95,13,0,0,66377
4440,92,411,66,45,95,1,0,2,1,0,92,DR. ETHEL ALLEN SCHOOL,"ALLEN, DR. ETHEL SCHOOL",3200 W. LEHIGH AVE.,19132,NA,PHILADELPHIA,PA,2152274404,0,8,www.philasd.org/schools/ethelallen,ELEMENTARY SCHOOL,0,1,8,2,0,76,41,16,8,12,94,12,0,0,62438
4460,93,342,36,26,96,1,0,2,1,0,94,TANNER DUCKREY SCHOOL,"DUCKREY, TANNER SCHOOL",1501 W. DIAMOND ST.,19121,NA,PHILADELPHIA,PA,2156845066,0,8,,ELEMENTARY SCHOOL,0,1,9,2,1,71,40,15,7,9,95,12,0,0,61882
4470,93,390,64,41,95,0,0,2,3,0,90,RICHARD WRIGHT SCHOOL,"WRIGHT, RICHARD R. SCHOOL",2700 W. DAUPHIN ST.,19132,NA,PHILADELPHIA,PA,2156845076,0,6,,ELEMENTARY SCHOOL,0,0,5,1,0,42,29,9,2,1,95,19,1,0,66324
4480,96,268,7,4,86,3,1,7,4,0,61,OVERBROOK EDUCATIONAL CENTER,OVERBROOK EDUCATIONAL CENTER,6722 LANSDOWNE AVE.,19151,NA,PHILADELPHIA,PA,2155815890,0,8,www.philasd.org/schools/oec,ELEMENTARY SCHOOL,0,0,2,0,0,19,15,3,1,0,94,27,6,4,66016
4530,94,347,37,30,97,0,0,2,1,0,92,EDWARD GIDEON SCHOOL,"GIDEON, EDWARD SCHOOL",2817 W. GLENWOOD AVE.,19121,NA,PHILADELPHIA,PA,2156845072,0,8,,ELEMENTARY SCHOOL,0,0,3,1,0,56,37,10,4,4,96,10,2,0,63898
4560,93,308,58,44,95,0,0,3,2,0,92,WILLIAM D. KELLEY SCHOOL,"KELLEY, WILLIAM D. SCHOOL",1601 N. 28TH ST.,19121,NA,PHILADELPHIA,PA,2156845071,0,8,www.philasd.org/schools/kelley,ELEMENTARY SCHOOL,0,0,4,0,1,90,44,19,12,15,92,14,2,0,63635
4570,92,371,49,39,96,1,0,2,2,0,94,GEN. GEORGE G. MEADE SCHOOL,"MEADE, GEN. GEORGE G. SCHOOL",1600 N. 18TH ST.,19121,NA,PHILADELPHIA,PA,2156845062,0,8,,ELEMENTARY SCHOOL,0,0,9,0,0,32,18,7,3,4,94,10,1,1,69543
5020,78,1681,211,323,16,1,1,81,1,0,91,THOMAS EDISON HIGH SCHOOL,"EDISON, THOMAS A. HIGH SCHOOL",151 W. LUZERNE ST.,19140,NA,PHILADELPHIA,PA,2153249599,9,12,philasd.org/schools/edison,HIGH SCHOOL,12,3,62,14,9,468,277,101,46,44,93,21,1,24,71254
5050,95,246,0,11,62,4,1,31,1,0,84,PHILA MILITARY ACAD @ ELVERSON,PHILA MILITARY ACAD @ ELVERSON,2118 N. 13TH ST.,19122,NA,PHILADELPHIA,PA,2156845091,9,12,,HIGH SCHOOL,0,0,4,0,0,45,35,6,3,1,96,7,5,4,62806
5060,90,904,6,54,56,4,2,37,1,0,87,JULES MASTBAUM HIGH SCHOOL,"MASTBAUM, JULES E. HIGH SCHOOL",3116 FRANKFORD AVE.,19134,NA,PHILADELPHIA,PA,2152914703,9,12,www.philasd.org/schools/mastbaum,CAREER AND TECHNICAL HIGH SCHL,2,1,10,3,3,183,123,38,14,8,94,14,2,8,72352
5070,93,280,4,6,97,0,0,2,1,0,66,PARKWAY-NORTHWEST HIGH SCHOOL,PARKWAY-NORTHWEST HIGH SCHOOL,7500 GERMANTOWN AVE.,19119,NA,PHILADELPHIA,PA,2152486220,9,12,www.philasd.org/schools/parkwaynw/,HIGH SCHOOL,2,0,4,0,2,42,34,6,3,0,93,9,6,0,62772
5080,93,390,4,13,80,4,7,7,1,0,75,PARKWAY CENTER CITY HIGH SCHL,PARKWAY CENTER CITY HIGH SCHL,540 N. 13TH ST.,19123,NA,PHILADELPHIA,PA,2153517095,9,12,www.philasd.org/schools/parkwaycc,HIGH SCHOOL,0,0,2,0,0,56,40,10,3,3,96,6,4,2,65353
5090,92,289,5,10,98,1,0,1,0,0,74,PARKWAY WEST HIGH SCHOOL,PARKWAY WEST HIGH SCHOOL,4725 FAIRMOUNT AVE.,19139,NA,PHILADELPHIA,PA,2155815510,9,12,www.philasd.org/schools/parkwaywest,HIGH SCHOOL,1,0,2,0,1,49,39,6,2,1,96,9,3,0,65764
5150,95,543,2,11,55,13,12,20,1,0,68,WILLIAM W. BODINE H.S.,"BODINE, WILLIAM W. H.S.",1101 N. 4TH ST.,19123,NA,PHILADELPHIA,PA,2153517332,9,12,www.philasd.org/schools/bodine,HIGH SCHOOL,0,0,3,0,0,27,19,4,2,1,96,5,12,2,71409
5170,94,615,76,62,5,1,0,92,1,0,94,JULIA DE BURGOS ELEMENTARY,"DEBURGOS, J. ELEMENTARY",401 W. LEHIGH AVE.,19133,NA,PHILADELPHIA,PA,2152914065,0,8,,ELEMENTARY SCHOOL,0,1,10,2,0,79,52,15,6,6,95,18,1,27,67962
5200,95,418,30,20,7,81,2,6,4,0,84,ALEXANDER ADAIRE SCHOOL,"ADAIRE, ALEXANDER SCHOOL",1300 E. PALMER ST.,19125,NA,PHILADELPHIA,PA,2152914712,0,8,,ELEMENTARY SCHOOL,0,0,12,1,1,12,10,2,0,1,97,14,1,2,64390
5210,94,491,65,44,16,14,21,45,4,0,94,H.A. BROWN ACADEMICS PLUS SCH,"BROWN, HENRY A. SCHOOL",1946 E. SERGEANT ST.,19125,NA,PHILADELPHIA,PA,2152914717,0,8,www.philasd.org/schools/habrown,ELEMENTARY SCHOOL,0,0,4,1,0,42,23,7,5,6,95,14,1,17,71388
5230,95,774,11,23,42,12,4,39,2,0,84,RUSSELL H. CONWELL MIDDLE SCH.,"CONWELL, RUSSELL MIDDLE SCHOOL",1849 E. CLEARFIELD AVE.,19134,NA,PHILADELPHIA,PA,2152914722,5,8,www.philasd.org/schools/conwell,MIDDLE SCHOOL,1,0,7,2,0,36,24,8,3,2,95,3,11,2,69754
5250,93,193,24,16,94,0,0,3,3,0,92,DUNBAR ACADEMICS PLUS SCHOOL,"DUNBAR, PAUL L. SCHOOL",1750 N. 12TH ST.,19122,NA,PHILADELPHIA,PA,2156845065,0,8,www.philasd.org/schools/dunbar,ELEMENTARY SCHOOL,0,0,8,1,0,30,21,7,2,0,95,19,0,1,63624
5260,92,827,141,99,21,3,1,72,4,0,94,LEWIS ELKIN SCHOOL,"ELKIN, LEWIS SCHOOL",3199 D ST.,19134,NA,PHILADELPHIA,PA,2152914701,0,4,www.philasd.org/schools/elkin,ELEMENTARY SCHOOL,0,0,6,4,1,105,58,22,11,13,94,9,0,22,67364
5300,93,422,41,32,9,66,1,18,6,0,91,HACKETT SCHOOL,"HACKETT, HORATIO B. SCHOOL",2161 E. YORK ST.,19125,NA,PHILADELPHIA,PA,2152914706,0,6,www.philasd.org/schools/hackett,ELEMENTARY SCHOOL,1,0,3,2,1,23,16,4,2,1,94,18,2,2,65812
5320,95,416,81,62,73,0,0,25,1,0,95,JOHN F. HARTRANFT SCHOOL,"HARTRANFT, JOHN F. SCHOOL",720 W. CUMBERLAND ST.,19133,NA,PHILADELPHIA,PA,2156845088,0,8,,ELEMENTARY SCHOOL,1,0,6,1,1,50,34,10,3,3,94,16,1,7,61193
5330,93,506,58,31,12,2,0,83,4,0,93,WILLIAM H. HUNTER SCHOOL,"HUNTER, WILLIAM H. SCHOOL",2400 N. FRONT ST.,19133,NA,PHILADELPHIA,PA,2152914710,0,8,www.philasd.org/schools/hunter,ELEMENTARY SCHOOL,0,1,6,2,0,50,33,8,5,5,94,19,1,14,63451
5340,94,297,51,41,67,0,1,26,5,0,93,JAMES R. LUDLOW SCHOOL,"LUDLOW, JAMES R. SCHOOL",550 W. MASTER ST.,19122,NA,PHILADELPHIA,PA,2156845060,0,8,,ELEMENTARY SCHOOL,0,0,6,1,0,40,22,10,4,4,97,27,0,7,64618
5350,94,302,30,25,26,2,1,67,4,0,93,WILLIAM MCKINLEY SCHOOL,"MCKINLEY, WILLIAM SCHOOL",2101 N. ORKNEY ST.,19122,NA,PHILADELPHIA,PA,2152914702,0,8,,ELEMENTARY SCHOOL,0,0,9,1,0,36,22,8,4,2,95,21,0,12,67796
5370,95,436,49,31,16,12,0,56,15,0,90,JOHN MOFFET SCHOOL,"MOFFET, JOHN SCHOOL",127 W. OXFORD ST.,19122,NA,PHILADELPHIA,PA,2152914721,0,5,www.philasd.org/schools/moffet,ELEMENTARY SCHOOL,0,0,8,2,0,32,19,9,3,1,96,10,3,10,66883
5390,91,434,56,50,20,1,0,77,2,0,94,POTTER THOMAS SCHOOL,POTTER-THOMAS SCHOOL,3001 N. 6TH ST.,19133,NA,PHILADELPHIA,PA,2152274423,0,8,www.philasd.org/schools/potterthomas,ELEMENTARY SCHOOL,0,0,5,1,0,56,38,11,5,2,96,16,0,23,59201
5400,93,680,79,59,15,52,1,25,8,0,89,RICHMOND ACADEMICS PLUS SCHOOL,RICHMOND SCHOOL,2944 BELGRADE ST.,19134,NA,PHILADELPHIA,PA,2152914718,0,5,,ELEMENTARY SCHOOL,0,0,10,2,0,34,22,6,3,3,95,11,0,7,76481
5410,93,276,54,34,7,3,0,88,2,0,94,ISAAC A. SHEPPARD SCHOOL,"SHEPPARD, ISAAC A. SCHOOL",120 W. CAMBRIA ST.,19133,NA,PHILADELPHIA,PA,2152914711,0,4,,ELEMENTARY SCHOOL,0,0,1,0,0,44,19,8,6,10,94,10,0,35,72784
5420,94,601,65,40,24,1,0,73,2,0,92,JOHN WELSH SCHOOL,"WELSH, JOHN SCHOOL",2331 N. 4TH ST.,19133,NA,PHILADELPHIA,PA,2152914708,0,8,www.philasd.org/schools/welsh,ELEMENTARY SCHOOL,0,0,5,1,0,32,19,6,4,4,98,12,1,11,66209
5430,94,401,7,10,21,48,3,25,3,0,82,AMY 5 AT JAMES MARTIN,AMY 5 AT JAMES MARTIN,3380 RICHMOND ST.,19134,NA,PHILADELPHIA,PA,2152914172,6,8,www.philasd.org/schools/martin,MIDDLE SCHOOL,0,0,7,1,1,46,29,9,4,4,95,8,9,1,71739
5440,93,765,152,87,37,7,1,53,2,0,94,FRANCES E. WILLARD SCHOOL,"WILLARD, FRANCES E. SCHOOL",1930 E. ELKHART ST.,19134,NA,PHILADELPHIA,PA,2152914714,0,4,www.philasd.org/schools/willard,ELEMENTARY SCHOOL,0,0,3,2,0,44,34,7,2,1,95,10,0,12,73311
5470,94,663,95,62,15,2,0,81,2,0,94,CRAMP SCHOOL,"CRAMP, WILLIAM SCHOOL",3449 N. MASCHER ST.,19140,NA,PHILADELPHIA,PA,2152914704,0,6,,ELEMENTARY SCHOOL,0,0,5,2,1,40,29,7,2,2,94,10,0,20,71645
5480,95,430,43,28,86,6,0,5,3,0,88,GEN. PHILIP KEARNY SCHOOL,"KEARNY, GEN. PHILIP SCHOOL",601 FAIRMOUNT AVE.,19123,NA,PHILADELPHIA,PA,2153517343,0,8,,ELEMENTARY SCHOOL,0,0,2,0,0,10,8,1,0,0,95,15,5,0,72813
5490,92,424,72,58,34,1,1,61,3,0,93,CAYUGA SCHOOL,CAYUGA SCHOOL,4344-4358 N. 5TH ST.,19140,NA,PHILADELPHIA,PA,2154563167,0,5,www.philasd.org/schools/cayuga,ELEMENTARY SCHOOL,0,0,16,2,1,50,32,10,5,3,93,12,0,16,67271
5500,95,692,93,48,63,1,7,25,4,0,88,THURGOOD MARSHALL SCHOOL,"MARSHALL, THURGOOD SCHOOL",5120 N. 6TH ST.,19120,NA,PHILADELPHIA,PA,2154560170,0,8,www.philasd.org/schools/tmarshall,ELEMENTARY SCHOOL,0,0,10,2,0,98,55,24,7,12,93,21,1,8,73449
5510,78,478,96,132,30,12,1,57,0,0,90,"KENSINGTON BUSINESS, FINANCE","KENSINGTON BUSINESS, FINANCE",2501 CORAL ST.,19125,NA,PHILADELPHIA,PA,2152915168,9,12,,HIGH SCHOOL,4,0,20,5,1,108,75,18,8,7,95,29,1,12,70234
5520,83,490,187,118,31,9,1,58,0,0,90,KENSINGTON CAPA,KENSINGTON CAPA,1901 N. FRONT ST.,19121,NA,PHILADELPHIA,PA,2152915010,9,12,,HIGH SCHOOL,3,0,12,4,2,59,47,7,2,2,94,22,1,14,62952
5530,92,805,138,117,31,2,2,59,5,0,94,PHILIP H. SHERIDAN SCHOOL,"SHERIDAN, PHILIP H. SCHOOL",800 E. ONTARIO ST.,19134,NA,PHILADELPHIA,PA,2152914724,0,4,www.philasd.org/schools/sheridan,ELEMENTARY SCHOOL,0,0,10,3,0,83,57,17,6,3,92,8,0,14,62999
5550,80,478,68,116,30,10,3,57,0,0,91,KENSINGTON HEALTH SCIENCES,KENSINGTON HEALTH SCIENCES,2463 EMERALD ST.,19125,NA,PHILADELPHIA,PA,2152915185,9,12,www.philasd.org/schools/kensington-health-sciences,HIGH SCHOOL,4,0,7,2,0,120,75,28,10,8,94,25,1,12,65362
5560,94,298,38,35,92,1,1,5,1,0,91,SPRING GARDEN SCHOOL,SPRING GARDEN SCHOOL,1146 MELON ST.,19123,NA,PHILADELPHIA,PA,2156845070,0,8,,ELEMENTARY SCHOOL,0,0,2,0,0,26,19,4,2,2,96,12,3,1,69060
5590,93,926,140,113,33,11,0,51,4,0,94,JOHN H. WEBSTER SCHOOL,"WEBSTER, JOHN H. SCHOOL",3400 FRANKFORD AVE.,19134,NA,PHILADELPHIA,PA,2155372525,0,5,www.philasd.org/schools/webster,ELEMENTARY SCHOOL,0,0,8,3,0,59,38,11,4,5,94,14,0,7,68111
5600,88,158,14,25,34,9,1,54,0,0,94,KENSINGTON URBAN EDUCATION,KENSINGTON URBAN EDUCATION,2051 E. CUMBERLAND ST.,19125,NA,PHILADELPHIA,PA,2152915420,9,11,,HIGH SCHOOL,1,0,2,0,0,0,0,0,0,0,94,19,1,11,65621
5680,93,724,93,66,10,1,0,87,1,0,94,HON. LUIS MUNOZ-MARIN SCHOOL,"MUNOZ-MARIN, HON LUIS SCHOOL",3300 N. 3RD ST.,19140,NA,PHILADELPHIA,PA,2152918825,0,8,www.philasd.org/schools/marin,ELEMENTARY SCHOOL,1,1,13,4,2,93,55,22,8,9,94,20,0,21,66960
6010,96,2331,4,33,32,28,30,8,2,0,51,CENTRAL HIGH SCHOOL,CENTRAL HIGH SCHOOL,1700 W. OLNEY AVE.,19141,NA,PHILADELPHIA,PA,2152765262,9,12,www.centralhigh.net,HIGH SCHOOL,2,0,8,3,2,25,24,1,0,0,97,1,37,1,73807
6030,85,688,49,105,80,15,1,3,1,0,77,ROXBOROUGH HIGH SCHOOL,ROXBOROUGH HIGH SCHOOL,6498 RIDGE AVE.,19128,NA,PHILADELPHIA,PA,2154874464,9,12,www.philasd.org/schools/roxborough,HIGH SCHOOL,11,1,34,9,1,292,137,67,40,48,94,22,2,2,74007
6040,94,548,1,14,63,23,1,12,1,0,64,W. B. SAUL HIGH SCHOOL,"SAUL, WALTER B. HIGH SCHOOL",7100 HENRY AVE.,19128,NA,PHILADELPHIA,PA,2154874467,9,12,www.philasd.org/schools/saul,CAREER AND TECHNICAL HIGH SCHL,2,0,4,2,0,48,37,7,2,2,95,9,6,1,74943
6050,93,1072,6,32,65,9,17,9,1,0,64,PHILA HIGH SCHOOL FOR GIRLS,"GIRLS, PHILA HIGH SCHOOL FOR",1400 W. OLNEY AVE.,19141,NA,PHILADELPHIA,PA,2152765258,9,12,www.philasd.org/schools/girlshigh,HIGH SCHOOL,0,0,2,2,1,11,10,0,0,0,94,2,14,2,76860
6060,81,1027,174,283,97,1,0,1,1,0,78,MARTIN L. KING HIGH SCHOOL,"KING, MARTIN LUTHER HIGH SCH.",6100 STENTON AVE.,19138,NA,PHILADELPHIA,PA,2152765253,9,12,www.philasd.org/schools/mlking,HIGH SCHOOL,10,2,24,10,3,558,223,119,76,141,93,27,1,2,65617
6090,90,423,8,21,91,2,0,7,0,0,82,RANDOLPH TECHNICAL HIGH SCHOOL,RANDOLPH TECHNICAL HIGH SCHOOL,3101 HENRY AVE.,19129,NA,PHILADELPHIA,PA,2152274407,9,12,www.philasd.org/schools/randolph,CAREER AND TECHNICAL HIGH SCHL,2,0,6,2,1,105,72,21,8,4,95,13,1,1,71452
6100,93,284,25,30,97,1,0,2,1,0,77,LEEDS MIDDLE SCHOOL,"LEEDS, MORRIS E. MIDDLE SCHOOL",1100 E. MT. PLEASANT AVE.,19150,NA,PHILADELPHIA,PA,2152486602,7,8,www.philasd.org/schools/leeds,MIDDLE SCHOOL,1,0,12,0,0,80,46,16,9,8,97,25,2,0,68327
6200,96,497,75,74,95,1,0,2,2,0,78,ANNA B. DAY SCHOOL,"DAY, ANNA B. SCHOOL",6324 CRITTENDEN ST.,19138,NA,PHILADELPHIA,PA,2152765250,0,8,www.philasd.org/schools/day,ELEMENTARY SCHOOL,0,0,3,2,0,20,16,4,0,0,96,15,4,1,76158
6210,96,582,70,46,98,0,0,1,1,0,74,FRANKLIN S. EDMONDS SCHOOL,"EDMONDS, FRANKLIN S. SCHOOL",8025 THOURON AVE.,19150,NA,PHILADELPHIA,PA,2152765261,0,6,www.philasd.org/schools/edmonds,ELEMENTARY SCHOOL,0,0,8,1,0,28,20,6,1,0,97,16,3,1,78230
6220,94,588,95,59,95,1,0,2,2,0,87,ELEANOR C. EMLEN SCHOOL,"EMLEN, ELEANOR C. SCHOOL",6501 CHEW AVE.,19119,NA,PHILADELPHIA,PA,2159514010,0,6,www.philasd.org/schools/emlen,ELEMENTARY SCHOOL,0,0,6,2,0,28,17,5,2,3,94,13,1,0,74276
6230,95,320,7,23,97,0,0,2,1,0,79,FITLER ACADEMICS PLUS,FITLER ACADEMICS PLUS,140 W. SEYMOUR ST.,19144,NA,PHILADELPHIA,PA,2159514009,1,8,www.philasd.org/schools/fitler,ELEMENTARY SCHOOL,0,0,6,2,0,38,30,3,3,2,92,8,7,0,65198
6250,95,463,27,30,78,14,1,2,5,0,64,CHARLES W HENRY SCHOOL,"HENRY, CHARLES W. SCHOOL",601 CARPENTER LN.,19119,NA,PHILADELPHIA,PA,2159514006,0,8,www.philasd.org/schools/henry,ELEMENTARY SCHOOL,0,0,8,1,0,40,25,10,2,3,94,14,16,0,72297
6260,94,485,39,28,90,3,0,3,4,0,69,HENRY H. HOUSTON SCHOOL,"HOUSTON, HENRY H. SCHOOL",7300 RURAL LN.,19119,NA,PHILADELPHIA,PA,2152486608,0,8,www.philasd.org/schools/houston,ELEMENTARY SCHOOL,0,0,10,2,1,62,42,13,4,4,93,20,8,0,66553
6270,96,482,29,22,83,8,2,2,5,0,53,JOHN STORY JENKS SCHOOL,"JENKS, JOHN S. SCHOOL",8301 GERMANTOWN AVE.,19118,NA,PHILADELPHIA,PA,2152486604,0,8,www.philasd.org/schools/jsjenks,ELEMENTARY SCHOOL,0,0,1,1,0,8,7,1,0,0,96,13,8,0,71142
6300,94,390,51,35,93,1,1,3,3,0,89,LOGAN SCHOOL,"LOGAN, JAMES SCHOOL",1700 LINDLEY AVE.,19141,NA,PHILADELPHIA,PA,2154563006,0,6,www.philasd.org/schools/logan,ELEMENTARY SCHOOL,0,0,2,0,0,24,16,4,2,2,95,18,0,3,66883
6310,95,373,36,27,97,0,0,1,1,0,71,MCCLOSKEY SCHOOL,"MCCLOSKEY, JOHN F. SCHOOL",8500 PICKERING ST.,19150,NA,PHILADELPHIA,PA,2152486600,0,6,www.philasd.org/schools/mccloskey,ELEMENTARY SCHOOL,0,0,1,0,0,23,14,6,2,1,94,13,2,0,73309
6320,94,261,29,25,85,10,0,1,3,0,87,MIFFLIN SCHOOL,"MIFFLIN, THOMAS SCHOOL",3624 CONRAD ST.,19129,NA,PHILADELPHIA,PA,2159514007,0,8,www.philasd.org/schools/mifflin,ELEMENTARY SCHOOL,0,0,8,0,0,59,34,14,4,6,92,12,1,0,67092
6340,94,417,53,38,97,1,0,1,1,0,89,JOSEPH PENNELL ELEMENTARY,"PENNELL, JOSEPH ELEMENTARY",1800 NEDRO AVE.,19141,NA,PHILADELPHIA,PA,2152765267,0,6,www.philasd.org/schools/pennell,ELEMENTARY SCHOOL,0,0,9,2,2,62,36,12,5,9,92,12,1,0,70211
6350,94,467,69,52,97,1,0,1,1,0,84,PENNYPACKER SCHOOL,"PENNYPACKER, SAMUEL SCHOOL",1858 E. WASHINGTON LN.,19138,NA,PHILADELPHIA,PA,2152765271,0,6,www.philasd.org/schools/pennypacker,ELEMENTARY SCHOOL,0,1,5,2,0,26,18,5,2,1,95,13,1,1,68455
6380,95,583,38,22,37,53,2,4,4,0,56,SHAWMONT SCHOOL,SHAWMONT SCHOOL,535 SHAWMONT AVE.,19128,NA,PHILADELPHIA,PA,2154874466,0,8,www.philasd.org/schools/shawmont,ELEMENTARY SCHOOL,0,0,4,1,2,23,16,4,1,2,93,11,7,1,69400
6390,93,530,86,68,95,1,0,3,1,0,93,EDWARD T STEEL SCHOOL,"STEEL, EDWARD SCHOOL",4301 WAYNE AVE.,19140,NA,PHILADELPHIA,PA,2154563008,0,8,www.philasd.org/schools/steel,ELEMENTARY SCHOOL,0,0,6,2,0,9,8,1,0,0,95,16,0,1,70661
6400,86,179,11,6,59,14,3,15,10,0,83,WIDENER MEMORIAL SCHOOL,WIDENER MEMORIAL SCHOOL,1450 W. OLNEY AVE.,19141,NA,PHILADELPHIA,PA,2154563015,0,12,www.philasd.org/schools/widener,ELEMENTARY SCHOOL,0,0,1,0,0,0,0,0,0,0,95,95,0,2,77919
6410,95,448,31,31,43,46,1,4,6,0,65,COOK-WISSAHICKON SCHOOL,COOK-WISSAHICKON SCHOOL,201 E. SALAIGNAC ST.,19128,NA,PHILADELPHIA,PA,2154874463,0,8,www.philasd.org/schools/cookwissahickon,ELEMENTARY SCHOOL,0,0,6,1,1,23,15,5,2,1,94,13,4,0,72129
6430,92,420,69,62,97,0,0,1,2,0,94,JOHN WISTER SCHOOL,"WISTER, JOHN SCHOOL",67 E. BRINGHURST ST.,19144,NA,PHILADELPHIA,PA,2159514003,0,6,www.philasd.org/schools/wister,ELEMENTARY SCHOOL,0,0,2,2,0,52,36,10,4,3,94,14,0,0,66889
6440,95,401,37,28,94,2,0,1,3,0,76,ANNA L. LINGELBACH SCHOOL,"LINGELBACH, ANNA L. SCHOOL",6340 WAYNE AVE.,19144,NA,PHILADELPHIA,PA,2159514001,0,8,www.philasd.org/schools/lingelbach,ELEMENTARY SCHOOL,0,0,3,0,0,30,18,6,3,2,94,9,3,3,73546
6450,95,265,16,10,42,49,1,3,5,0,61,JAMES DOBSON SCHOOL,"DOBSON, JAMES SCHOOL",4667 UMBRIA ST.,19127,NA,PHILADELPHIA,PA,2154874460,0,8,www.philasd.org/schools/dobson,ELEMENTARY SCHOOL,0,0,4,1,0,15,10,2,1,1,95,19,6,1,67425
6460,96,224,5,3,94,2,1,2,1,0,60,HILL-FREEDMAN MIDDLE SCHOOL,HILL-FREEDMAN MIDDLE SCHOOL,6200 CRITTENDEN ST.,19138,NA,PHILADELPHIA,PA,2152765260,6,8,www.philasd.org/schools/hill-freedman,MIDDLE SCHOOL,0,0,1,0,0,4,2,1,0,0,93,27,22,0,59244
6470,93,842,138,118,94,1,0,2,3,0,91,JOHN B. KELLY SCHOOL,"KELLY, JOHN B. SCHOOL",5116 PULASKI AVE.,19144,NA,PHILADELPHIA,PA,2159514011,0,6,www.philasd.org/schools/kelly,ELEMENTARY SCHOOL,1,0,7,4,2,122,76,22,12,12,94,14,1,0,67148
6480,96,241,3,4,93,3,0,3,1,0,65,AMY NORTHWEST,AMY NORTHWEST,6000 RIDGE AVE.,19128,NA,PHILADELPHIA,PA,2154877600,6,8,www.philasd.org/schools/amynw,MIDDLE SCHOOL,0,1,3,0,0,8,7,0,0,0,97,9,11,0,70273
6540,93,295,4,8,96,1,0,2,1,0,62,LANKENAU HIGH SCHOOL,LANKENAU HIGH SCHOOL,201 SPRING LANE,19128,NA,PHILADELPHIA,PA,2154874465,9,12,www.philasd.org/schools/lankenau,HIGH SCHOOL,0,0,3,2,0,19,15,3,0,0,95,8,7,0,71789
7010,79,1717,238,322,59,9,1,30,1,0,86,FRANKFORD HIGH SCHOOL,FRANKFORD HIGH SCHOOL,5000 OXFORD AVE.,19124,NA,PHILADELPHIA,PA,2155372519,9,12,www.philasd.org/schools/frankford,HIGH SCHOOL,6,2,30,10,6,435,257,96,43,40,93,23,1,8,74045
7100,94,453,75,63,88,1,3,6,2,0,90,COOKE ELEMENTARY SCHOOL,"COOKE, JAY ELEMENTARY SCHOOL",1300 W. LOUDEN ST.,19141,NA,PHILADELPHIA,PA,2154563002,0,8,www.philasd.org/schools/jaycooke,ELEMENTARY SCHOOL,1,3,12,3,1,67,43,14,5,5,96,12,1,5,65717
7110,90,770,104,127,56,14,1,27,2,0,91,HARDING MIDDLE SCHOOL,"HARDING, WARREN G. MIDDLE SCH",2000 WAKELING ST.,19124,NA,PHILADELPHIA,PA,2155372528,6,8,www.philasd.org/schools/harding,MIDDLE SCHOOL,4,1,34,6,1,251,134,58,28,32,92,29,1,6,68075
7120,83,1496,179,263,67,2,10,20,1,0,77,SAMUEL S. FELS HIGH SCHOOL,"FELS, SAMUEL HIGH SCHOOL",5500 LANGDON ST.,19124,NA,PHILADELPHIA,PA,2155372516,9,12,www.philasd.org/schools/fels,HIGH SCHOOL,12,1,67,13,5,542,283,116,58,84,94,18,1,13,71726
7130,93,539,47,48,97,1,0,2,1,0,81,WAGNER MIDDLE SCHOOL,"WAGNER, GEN. LOUIS MIDDLE SCH.",1701 CHELTEN AVE.,19126,NA,PHILADELPHIA,PA,2152765252,6,8,www.philasd.org/schools/wagner,MIDDLE SCHOOL,0,0,12,2,0,117,80,21,8,8,94,25,1,1,68103
7150,95,1050,96,69,17,5,8,64,6,0,88,JUNIATA PARK ACADEMY,JUNIATA PARK ACADEMY,801 E. HUNTING PARK AVE.,19124,NA,PHILADELPHIA,PA,2152897930,0,8,www.philasd.org/schools/juniatapark,ELEMENTARY SCHOOL,0,0,6,2,0,88,59,14,7,8,95,10,1,16,70391
7200,94,720,133,61,24,3,6,59,7,0,90,BARTON SCHOOL,BARTON SCHOOL,4600 ROSEHILL ST.,19120,NA,PHILADELPHIA,PA,2154563007,0,2,www.philasd.org/schools/barton,ELEMENTARY SCHOOL,0,0,3,0,0,14,10,2,1,0,94,6,1,16,70866
7220,93,1573,209,160,59,5,6,25,5,0,83,CARNELL SCHOOL,"CARNELL, LAURA H. SCHOOL",1100 DEVEREAUX AVE.,19111,NA,PHILADELPHIA,PA,2155372527,0,8,www.philasd.org/schools/carnell,ELEMENTARY SCHOOL,2,1,25,4,2,237,144,43,26,24,92,10,1,14,67494
7260,95,385,51,33,95,1,0,1,3,0,82,ELLWOOD SCHOOL,ELLWOOD SCHOOL,6701 N. 13TH ST.,19126,NA,PHILADELPHIA,PA,2152765286,0,5,www.philasd.org/schools/ellwood,ELEMENTARY SCHOOL,0,0,6,1,0,28,20,5,2,1,95,11,2,1,66793
7270,95,858,75,55,76,1,11,10,3,0,77,FINLETTER ACADEMICS PLUS SCH,"FINLETTER, THOMAS K. SCHOOL",6100 N. FRONT ST.,19120,NA,PHILADELPHIA,PA,2152765265,0,8,www.philasd.org/schools/finletter,ELEMENTARY SCHOOL,2,2,9,5,0,97,62,22,8,6,93,9,1,5,68688
7280,95,1056,135,103,63,3,4,23,6,0,79,FRANKLIN ACADEMICS PLUS SCHOOL,"FRANKLIN, BENJAMIN SCHOOL",5735 RISING SUN AVE.,19120,NA,PHILADELPHIA,PA,2157285017,0,8,www.philasd.org/schools/franklin,ELEMENTARY SCHOOL,0,2,30,4,0,93,70,14,4,4,93,9,1,13,67186
7290,92,438,79,52,55,6,0,34,5,0,93,ALLEN M. STEARNE SCHOOL,"STEARNE, ALLEN M. SCHOOL",1655 UNITY ST.,19124,NA,PHILADELPHIA,PA,2155372522,0,6,www.philasd.org/schools/stearne,ELEMENTARY SCHOOL,0,0,8,2,1,55,37,10,5,3,95,13,1,7,63140
7300,93,917,108,85,25,5,4,62,4,0,90,FRANCIS HOPKINSON SCHOOL,"HOPKINSON, FRANCIS SCHOOL",4001 L ST.,19124,NA,PHILADELPHIA,PA,2155372526,0,8,www.philasd.org/schools/hopkinson,ELEMENTARY SCHOOL,1,0,9,2,0,105,74,21,6,5,94,11,0,15,69773
7310,94,682,59,55,26,2,6,60,5,0,89,FELTONVILLE INTERMEDIATE,FELTONVILLE INTERMEDIATE,238 E. WYOMING AVE.,19120,NA,PHILADELPHIA,PA,2154563012,3,5,www.philasd.org/schools/feltonville-intermediate,ELEMENTARY SCHOOL,0,0,6,2,0,48,37,7,2,2,93,12,2,17,67094
7320,94,297,42,38,94,0,0,2,4,0,87,HOWE ACADEMICS PLUS SCHOOL,"HOWE, JULIA WARD SCHOOL",5800 N. 13TH ST.,19141,NA,PHILADELPHIA,PA,2152765270,0,5,www.philasd.org/schools/howe,ELEMENTARY SCHOOL,0,0,4,1,0,26,17,6,1,2,93,14,1,0,59428
7330,93,811,93,57,33,33,4,23,7,0,86,HENRY W. LAWTON SCHOOL,"LAWTON, HENRY W. SCHOOL",6101 JACKSON ST.,19135,NA,PHILADELPHIA,PA,2153355659,0,6,www.philasd.org/schools/lawton,ELEMENTARY SCHOOL,0,0,10,1,1,39,26,8,3,2,94,13,1,5,69620
7350,95,979,123,69,61,2,18,14,5,0,81,JAMES R. LOWELL SCHOOL,"LOWELL, JAMES R. SCHOOL",450 W. NEDRO AVE.,19120,NA,PHILADELPHIA,PA,2152765272,0,4,www.philasd.org/schools/lowell,ELEMENTARY SCHOOL,0,2,9,3,0,71,51,11,5,4,94,8,2,23,66211
7360,92,412,73,59,56,8,0,29,6,0,91,JOHN MARSHALL SCHOOL,"MARSHALL, JOHN SCHOOL",4500 GRISCOM ST.,19124,NA,PHILADELPHIA,PA,2155372521,0,5,www.philasd.org/schools/marshall,ELEMENTARY SCHOOL,1,0,4,2,0,33,20,6,3,4,90,21,0,6,67701
7370,94,761,52,45,68,2,14,13,2,0,80,GROVER WASHINGTON JR. MIDDLE,"WASHINGTON, GROVER JR. MIDDLE",201 E. OLNEY AVE.,19120,NA,PHILADELPHIA,PA,2154560422,5,8,www.philasd.org/schools/grover,MIDDLE SCHOOL,0,1,20,4,1,140,82,28,14,16,94,19,3,10,76311
7380,93,494,88,48,35,1,0,61,3,0,94,ALEXANDER MCCLURE SCHOOL,"MC CLURE, ALEXANDER K. SCHOOL",600 W. HUNTING PARK AVE.,19140,NA,PHILADELPHIA,PA,2154563001,0,5,www.philasd.org/schools/mcclure,ELEMENTARY SCHOOL,0,1,8,2,0,36,25,6,3,2,93,11,2,20,68842
7390,94,715,92,68,61,1,7,29,2,0,89,ANDREW J. MORRISON SCHOOL,"MORRISON, ANDREW J. SCHOOL",5100 N. 3RD ST.,19120,NA,PHILADELPHIA,PA,2154563004,0,8,www.philasd.org/schools/morrison,ELEMENTARY SCHOOL,1,2,13,2,1,89,55,19,9,7,92,12,1,11,66460
7400,95,810,91,64,51,1,16,27,4,0,86,OLNEY ELEMENTARY SCHOOL,OLNEY ELEMENTARY SCHOOL,5301 N. WATER ST.,19120,NA,PHILADELPHIA,PA,2154563003,0,8,www.philasd.org/schools/olney,ELEMENTARY SCHOOL,0,1,7,2,0,48,32,9,5,2,95,9,4,21,74261
7430,92,662,111,71,42,20,1,28,8,0,90,JAMES J. SULLIVAN SCHOOL,"SULLIVAN, JAMES J. SCHOOL",5300 DITMAN ST.,19124,NA,PHILADELPHIA,PA,2155372524,0,5,www.philasd.org/schools/sullivan,ELEMENTARY SCHOOL,0,1,10,3,0,36,23,7,3,3,93,13,0,5,69051
7440,93,558,82,60,19,1,1,78,2,0,92,BAYARD TAYLOR SCHOOL,"TAYLOR, BAYARD SCHOOL",3698 N. RANDOLPH ST.,19140,NA,PHILADELPHIA,PA,2152274435,0,5,www.philasd.org/schools/taylor,ELEMENTARY SCHOOL,0,0,4,1,2,29,21,6,2,0,94,11,1,23,65156
7460,94,522,67,41,53,10,6,27,3,0,82,WILLIAM H. ZIEGLER SCHOOL,"ZIEGLER, WILLIAM H. SCHOOL",5935 SAUL ST.,19149,NA,PHILADELPHIA,PA,2155372510,0,8,www.philasd.org/schools/ziegler,ELEMENTARY SCHOOL,0,0,6,0,0,53,36,10,4,3,94,14,2,16,71374
7470,94,429,39,27,1,90,2,5,3,0,72,BRIDESBURG SCHOOL,BRIDESBURG SCHOOL,2824 JENKS ST.,19137,NA,PHILADELPHIA,PA,2155372515,0,5,www.philasd.org/schools/bridesburg,ELEMENTARY SCHOOL,0,0,2,0,0,14,10,3,1,1,93,10,1,0,67726
7490,95,426,47,28,96,1,0,1,3,0,86,PRINCE HALL SCHOOL,PRINCE HALL,6101-6167 N. GRATZ ST.,19141,NA,PHILADELPHIA,PA,2152765255,0,5,www.philasd.org/schools/princehall,ELEMENTARY SCHOOL,0,0,5,2,1,37,28,7,2,0,94,15,0,0,70223
7500,93,678,55,64,27,3,7,59,4,0,90,FELTONVILLE ARTS & SCIENCES,FELTONVILLE ARTS & SCIENCES,210 E. COURTLAND ST.,19120,NA,PHILADELPHIA,PA,2154565603,6,8,www.philasd.org/schools/feltonville-arts-and-sciences,MIDDLE SCHOOL,1,1,11,3,0,124,74,29,11,12,93,16,3,17,73372
7510,93,662,87,72,77,0,0,21,2,0,93,MARY BETHUNE SCHOOL,"BETHUNE, MARY MCLEOD SCHOOL",3301 OLD YORK RD.,19140,NA,PHILADELPHIA,PA,2152274433,0,8,www.philasd.org/schools/bethune,ELEMENTARY SCHOOL,1,0,6,3,1,40,34,5,1,1,94,13,0,8,64062
7530,95,452,55,34,95,2,0,2,1,0,86,ROWEN SCHOOL,"ROWEN, WILLIAM SCHOOL",6841 N. 19TH ST.,19126,NA,PHILADELPHIA,PA,2152765251,0,5,www.philasd.org/schools/rowen,ELEMENTARY SCHOOL,0,0,3,2,0,21,16,4,1,0,93,13,1,0,68078
7730,90,661,70,77,31,1,0,67,0,0,93,ROBERTO CLEMENTE MIDDLE SCHOOL,"CLEMENTE, ROBERTO MIDD. SCHOOL",122 W. ERIE AVE.,19140,NA,PHILADELPHIA,PA,2152915400,6,8,www.philasd.org/schools/clemente,MIDDLE SCHOOL,2,1,26,5,0,127,94,23,7,2,93,24,1,22,61331
8010,84,1786,224,303,40,33,5,20,2,0,72,ABRAHAM LINCOLN HIGH,"LINCOLN, ABRAHAM HIGH SCHOOL",3201 RYAN AVE.,19136,NA,PHILADELPHIA,PA,2153355653,9,12,www.philasd.org/schools/lincoln,HIGH SCHOOL,16,2,87,11,7,473,266,108,48,51,94,20,2,5,72341
8020,89,3141,164,240,35,24,22,17,3,0,61,NORTHEAST HIGH SCHOOL,NORTHEAST HIGH SCHOOL,1601 COTTMAN AVE.,19111,NA,PHILADELPHIA,PA,2157285018,9,12,www.nehs.phila.k12.pa.us,HIGH SCHOOL,14,1,29,7,6,667,374,128,72,93,93,13,5,14,70663
8030,88,2023,140,173,31,42,14,12,1,0,59,GEORGE WASHINGTON HIGH,"WASHINGTON, GEORGE HIGH SCHOOL",10175 BUSTLETON AVE.,19116,NA,PHILADELPHIA,PA,2159612001,9,12,www.philasd.org/schools/gwhs,HIGH SCHOOL,10,2,25,4,4,512,300,108,50,55,95,18,7,9,72713
8040,95,364,7,8,26,53,4,14,3,0,53,ARTS ACADEMY AT BENJAMIN RUSH,ARTS ACADEMY AT BENJAMIN RUSH,11081 KNIGHTS RD.,19154,NA,PHILADELPHIA,PA,2152812603,9,12,,HIGH SCHOOL,1,0,2,0,0,12,11,1,0,0,97,11,13,3,61643
8090,93,754,6,16,31,42,5,21,1,0,63,SWENSON ARTS/TECH HIGH SCHOOL,SWENSON ARTS/TECH HIGH SCHOOL,2750 RED LION RD.,19114,NA,PHILADELPHIA,PA,2159612009,9,12,www.swenson.phila.k12.pa.us,CAREER AND TECHNICAL HIGH SCHL,4,0,8,2,6,81,60,14,4,4,94,18,4,5,75028
8120,94,1176,76,69,35,21,19,21,5,0,67,WOODROW WILSON MIDDLE SCHOOL,"WILSON, WOODROW MIDDLE SCHOOL",1800 COTTMAN AVE.,19111,NA,PHILADELPHIA,PA,2157285015,6,8,www.philasd.org/schools/wilson,MIDDLE SCHOOL,1,0,14,2,0,175,110,33,16,16,95,14,3,10,67988
8140,92,617,51,55,32,44,5,16,3,0,75,AUSTIN MEEHAN MIDDLE SCHOOL,"MEEHAN, AUSTIN MIDDLE SCHOOL",3001 RYAN AVE.,19152,NA,PHILADELPHIA,PA,2153355654,7,8,www.philasd.org/schools/meehan,MIDDLE SCHOOL,0,4,22,4,1,122,70,26,12,16,94,24,5,5,65820
8160,95,1275,47,102,18,52,17,9,3,0,56,BALDI MIDDLE SCHOOL,BALDI MIDDLE SCHOOL,8801 VERREE RD.,19115,NA,PHILADELPHIA,PA,2159612003,6,8,www.philasd.org/schools/baldi,MIDDLE SCHOOL,2,0,4,2,1,88,54,17,7,10,95,17,18,8,75229
8180,95,493,37,18,12,67,4,9,9,0,56,JOHN HANCOCK SCHOOL,"HANCOCK, JOHN SCHOOL",3700 MORRELL AVE.,19114,NA,PHILADELPHIA,PA,2152812604,0,5,www.philasd.org/schools/hancock,ELEMENTARY SCHOOL,1,0,3,1,0,17,11,3,2,1,95,19,5,3,73453
8200,94,897,102,75,34,26,12,21,6,0,81,ETHAN ALLEN SCHOOL,"ALLEN, ETHAN SCHOOL",6329 BATTERSBY ST.,19149,NA,PHILADELPHIA,PA,2155372530,0,8,,ELEMENTARY SCHOOL,0,1,18,3,1,131,72,28,16,15,93,10,4,14,70505
8210,94,548,68,54,26,49,4,14,8,0,80,J. BROWN ACADEMICS PLUS SCHOOL,"BROWN, JOSEPH H. SCHOOL",3600 STANWOOD ST.,19136,NA,PHILADELPHIA,PA,2153355650,0,6,www.philasd.org/schools/jhbrown,ELEMENTARY SCHOOL,0,2,5,2,0,40,27,10,2,2,94,15,4,8,73869
8230,95,373,36,29,23,41,8,18,10,0,69,CROSSAN ACADEMICS PLUS SCHOOL,"CROSSAN, KENNEDY C. SCHOOL",7350 BINGHAM ST.,19111,NA,PHILADELPHIA,PA,2157285014,0,5,www.philasd.org/schools/crossan,ELEMENTARY SCHOOL,0,0,1,0,0,7,5,1,0,0,95,11,2,8,71942
8240,93,842,112,89,30,36,3,24,7,0,85,HAMILTON DISSTON SCHOOL,"DISSTON, HAMILTON SCHOOL",6801 COTTAGE ST.,19135,NA,PHILADELPHIA,PA,2153355661,0,8,www.philasd.org/schools/disston,ELEMENTARY SCHOOL,2,2,16,2,0,117,77,25,10,5,93,14,2,5,69850
8250,94,1104,116,89,26,45,3,17,8,0,80,EDWIN FORREST SCHOOL,"FORREST, EDWIN SCHOOL",7300 COTTAGE ST.,19136,NA,PHILADELPHIA,PA,2153355652,0,6,www.philasd.org/schools/forrest,ELEMENTARY SCHOOL,0,1,5,2,0,39,33,4,1,1,94,10,1,3,73696
8260,95,396,40,21,23,52,10,10,6,0,59,FOX CHASE ACADEMICS PLUS SCHL,FOX CHASE SCHOOL,500 RHAWN ST.,19111,NA,PHILADELPHIA,PA,2157285016,0,5,www.philasd.org/schools/foxchase,ELEMENTARY SCHOOL,0,0,0,0,0,7,6,1,0,0,94,11,5,8,69961
8270,93,454,58,49,31,39,7,14,9,0,81,THOMAS HOLME SCHOOL,"HOLME, THOMAS SCHOOL",9120 ACADEMY RD.,19114,NA,PHILADELPHIA,PA,2153355656,0,6,www.philasd.org/schools/holme,ELEMENTARY SCHOOL,0,0,8,2,0,59,40,12,4,2,90,17,1,9,68046
8300,95,992,88,53,12,55,14,13,5,0,65,MAYFAIR SCHOOL,MAYFAIR SCHOOL,3001 PRINCETON AVE.,19149,NA,PHILADELPHIA,PA,2153355651,0,8,www.philasd.org/schools/mayfair,ELEMENTARY SCHOOL,0,1,2,3,1,31,22,4,3,2,96,9,3,13,67185
8310,95,1134,128,75,36,17,18,19,10,0,69,J. HAMPTON MOORE SCHOOL,"MOORE, J. HAMPTON SCHOOL",6900 SUMMERDALE AVE.,19111,NA,PHILADELPHIA,PA,2157285011,0,5,www.philasd.org/schools/moore,ELEMENTARY SCHOOL,0,0,8,2,0,61,40,13,4,2,93,9,0,27,71616
8320,93,197,11,13,30,55,4,8,3,0,63,GEN HARRY LABRUM MIDDLE SCHOOL,"LABRUM,GEN HARRY MIDDLE SCHOOL",10800 HAWLEY RD.,19154,NA,PHILADELPHIA,PA,2152812607,6,8,www.philasd.org/schools/labrum,MIDDLE SCHOOL,0,0,6,0,1,30,19,6,2,4,92,30,8,2,70799
8340,94,1182,130,77,29,16,24,23,8,0,72,SOLIS-COHEN ACADEMICS PLUS SCH,"SOLIS-COHEN, SOLOMON SCHOOL",7001 HORROCKS ST.,19149,NA,PHILADELPHIA,PA,2157285012,0,6,www.philasd.org/schools/solis-cohen,ELEMENTARY SCHOOL,0,0,6,1,0,81,51,16,8,5,95,14,2,21,69460
8350,95,1317,133,101,42,13,17,23,5,0,78,GILBERT SPRUANCE SCHOOL,"SPRUANCE, GILBERT SCHOOL",6401 HORROCKS ST.,19149,NA,PHILADELPHIA,PA,2155372514,0,8,www.philasd.org/schools/spruance,ELEMENTARY SCHOOL,0,0,12,3,0,74,55,13,4,2,94,13,2,12,70802
8360,95,525,53,38,21,29,20,17,12,0,69,RHAWNHURST SCHOOL,RHAWNHURST SCHOOL,7809 CASTOR AVE.,19152,NA,PHILADELPHIA,PA,2157285013,0,5,www.philasd.org/schools/rhawnhurst,ELEMENTARY SCHOOL,0,0,0,0,0,4,4,0,0,0,96,10,1,21,72356
8370,95,445,44,18,13,63,10,8,5,0,54,WATSON COMLY SCHOOL,"COMLY, WATSON SCHOOL",1001 BYBERRY RD.,19116,NA,PHILADELPHIA,PA,2159612008,0,5,www.philasd.org/schools/comly,ELEMENTARY SCHOOL,0,0,1,1,0,5,5,0,0,0,96,16,4,8,69069
8380,95,914,82,42,15,48,13,14,10,0,61,LOUIS H. FARRELL SCHOOL,"FARRELL, LOUIS H. SCHOOL",8300 CASTOR AVE.,19152,NA,PHILADELPHIA,PA,2157285009,0,8,www.philasd.org/schools/farrell,ELEMENTARY SCHOOL,0,0,3,1,0,28,20,5,1,2,94,14,2,17,72087
8390,94,804,73,47,18,63,5,10,5,0,60,A. L. FITZPATRICK SCHOOL,"FITZPATRICK, A. L. SCHOOL",11061 KNIGHTS RD.,19154,NA,PHILADELPHIA,PA,2152812602,0,8,,ELEMENTARY SCHOOL,0,0,14,2,0,68,42,14,6,6,93,16,3,4,73031
8400,96,994,105,72,13,48,22,8,8,0,56,ANNE FRANK SCHOOL,"FRANK, ANNE SCHOOL",2000 BOWLER ST.,19115,NA,PHILADELPHIA,PA,2159612005,0,5,www.philasd.org/schools/annefrank,ELEMENTARY SCHOOL,0,0,1,0,0,24,20,4,0,1,93,7,2,13,74114
8410,95,719,70,42,34,32,16,11,8,0,61,ROBERT B. POLLOCK SCHOOL,"POLLOCK, ROBERT B. SCHOOL",2850 WELSH RD.,19152,NA,PHILADELPHIA,PA,2159612004,0,6,www.philasd.org/schools/pollock,ELEMENTARY SCHOOL,0,0,3,1,0,23,17,3,2,1,95,12,3,14,71157
8420,95,907,67,42,13,64,6,11,5,0,56,STEPHEN DECATUR SCHOOL,"DECATUR, STEPHEN SCHOOL",3500 ACADEMY RD.,19154,NA,PHILADELPHIA,PA,2152812606,0,8,www.philasd.org/schools/decatur,ELEMENTARY SCHOOL,1,0,5,1,1,50,36,8,3,3,94,17,5,4,71354
8430,97,685,48,21,10,56,25,5,3,0,45,JOSEPH GREENBERG SCHOOL,"GREENBERG, JOSEPH SCHOOL",600 SHARON LN.,19115,NA,PHILADELPHIA,PA,2159612002,0,8,www.philasd.org/schools/greenberg,ELEMENTARY SCHOOL,0,0,1,0,0,8,8,0,0,0,96,15,9,5,69238
8440,94,768,90,43,11,56,20,7,6,0,61,WILLIAM H. LOESCHE SCHOOL,"LOESCHE, WILLIAM H. SCHOOL",595 TOMLINSON RD.,19116,NA,PHILADELPHIA,PA,2159612000,0,5,www.philasd.org/schools/loesche,ELEMENTARY SCHOOL,0,0,3,2,0,36,28,6,2,0,93,13,1,22,76789